,Network_Latency_ms,Packet_Loss_%,Temperature_C,Vibration_Hz,Power_Consumption_kW,Quality_Control_Defect_Rate_%,Production_Speed_units_per_hr,Predictive_Maintenance_Score,Error_Rate_%
Network_Latency_ms,1.0,-0.006886471447555466,-0.002466972761028922,0.007546138914149045,-0.0032444015602718992,-0.0043561153806326155,-0.001049658633094438,-0.0029001256525177806,9.808559907951877e-05
Packet_Loss_%,-0.006886471447555466,1.0,0.0028610251149614957,0.0003962857941312725,-0.0011981768720186125,-0.0048968811816669285,-0.007118679907857091,0.0007566696907152818,-0.002406773081347314
Temperature_C,-0.002466972761028922,0.0028610251149614957,1.0,0.0006089933657459908,0.004585297489591737,-0.0022375174852095263,0.001450716009935916,-0.0021906125241804813,-0.0018056294682561804
Vibration_Hz,0.007546138914149045,0.0003962857941312725,0.0006089933657459908,1.0,0.005341528663341049,0.000356839326440373,-0.001334296377185439,0.00395585229480021,0.0045789928201565066
Power_Consumption_kW,-0.0032444015602718992,-0.0011981768720186125,0.004585297489591737,0.005341528663341049,1.0,-0.0009167025394462495,0.0019704947084778143,0.001634194003547236,0.000890129775994948
Quality_Control_Defect_Rate_%,-0.0043561153806326155,-0.0048968811816669285,-0.0022375174852095263,0.000356839326440373,-0.0009167025394462495,1.0,-0.004937696810842726,-0.0001698358500710452,-0.0014865151830035725
Production_Speed_units_per_hr,-0.001049658633094438,-0.007118679907857091,0.001450716009935916,-0.001334296377185439,0.0019704947084778143,-0.004937696810842726,1.0,0.003509496007404228,0.006069599651857541
Predictive_Maintenance_Score,-0.0029001256525177806,0.0007566696907152818,-0.0021906125241804813,0.00395585229480021,0.001634194003547236,-0.0001698358500710452,0.003509496007404228,1.0,0.004524359428113821
Error_Rate_%,9.808559907951877e-05,-0.002406773081347314,-0.0018056294682561804,0.0045789928201565066,0.000890129775994948,-0.0014865151830035725,0.006069599651857541,0.004524359428113821,1.0
